Prodotto,Primary Text
Gemini,"ğŸŒŸ Stufo degli asciugacapelli ingombranti e pesanti che non soddisfano le tue esigenze?
ğŸ’¡ Scopri GEMINI, l'asciugacapelli che unisce il design compatto e leggero con manico ruotabile a un flusso d'aria potente per un'asciugatura veloce e uno styling impeccabile.
ğŸ”¥ Ottieni capelli perfetti in meno tempo grazie al potente motore digitale e alla tecnologia Gemini Air. Non compromettere mai piÃ¹ lo styling a causa della mancanza di potenza.
ğŸ›ï¸ Clicca ora per esplorare come GEMINI puÃ² rendere la cura dei capelli piÃ¹ efficiente e gratificante!"
Twist & Style,"ğŸŒŸ Vuoi cambiare look ogni giorno senza sforzo? Con il Kit completo di Bellissima Twist & Style, hai 6 accessori in 1 per trasformare i tuoi capelli come una vera influencer! ğŸ¤©
ğŸ‘‰ Soft Curls, Sculpted Curls, Loose Waves, Glamour Waves, Mermaid Waves, Hollywood Waves... scegli il tuo stile del giorno!
ğŸ”¥ Offerta limitata: 109.99â‚¬ invece di 214.93â‚¬. Risparmi 104â‚¬! ğŸƒâ€â™€ï¸
âœ… #TwistAndStyle #YouAreBellissima
ğŸšš Spedizione gratuita!"
Cyber Glam,"ğŸ’â€â™€ï¸ Chiudi gli occhi e immagina: sei in viaggio, ma il tuo stile Ã¨ impeccabile. Con la Spazzola ad Aria 5-in-1 Cyber Glam, il look dei tuoi sogni Ã¨ sempre con te, in ogni avventura e destinazione! âœ¨ Esprimi la tua bellezza unica e vivi una vita senza confini! ğŸŒCelebra il tuo stile ineguagliabile! ğŸ’ƒ"
Twist & Style,"ğŸ”¥ ULTIMA CHANCE! ğŸ”¥ Il kit completo Bellissima Twist & Style con 6 accessori versatili Ã¨ ora a soli 109.99â‚¬! 
Da Soft Curls a Hollywood Waves, cambia look con un semplice twist! ğŸŒ€ 
Aggiudicatelo ORAâ° #TwistAndStyle #YouAreBellissima"
Instant Curl & Waves,"Con l'arricciacapelli Instant Curl & Waves, ogni giorno Ã¨ un buon giorno per avere onde da sogno. La bellezza non Ã¨ mai stata cosÃ¬ accessibile e semplice. Scoprilo oggi stesso!"" ğŸ’ƒğŸŒŸ"
Cyber Glam,"Con Spazzola ad Aria 5-in-1 Cyber Glam, hai il potere di asciugare, volumizzare e creare acconciature da favola in un solo gesto. Risparmia tempo, ottenendo un look da parrucchiere direttamente a casa tua! ğŸ’‡â€â™€ï¸"
Bellissima,Il Black Friday si avvicina! Iscriviti alla newsletter Bellissima per essere tra i primi a scoprire le offerte esclusive ğŸ”. Clicca qui per iniziare a risparmiare e sfoggiare dei look da star. ğŸ’°
Instant Curl & Waves,"Il tuo nuovo alleato per acconciature perfette senza sforzo. Ora puoi dire addio alle ore passate davanti allo specchio. Provalo ora e scopri quanto sia facile!"" ğŸ˜âœ¨"
Bellissima,Iscriviti alla newsletter Bellissima e scopri in anteprima ğŸ” le imperdibili offerte del Black FridayğŸ”.
Bellissima,"Iscriviti alla nostra newsletter ğŸ“§ e ricevi subito un codice sconto esclusivo del 2ï¸âƒ£0ï¸âƒ£%â—â• valido su tutti i prodotti per lo styling dei capelli.
 Iscriviti oggi stesso alla newsletter e vivi lâ€™esperienza Bellissima in prima fila."
Bellissima,Iscriviti alla nostra newsletter e ricevi subito un codice sconto esclusivo del 2ï¸âƒ£0ï¸âƒ£%â—â• valido su tutti i prodotti per lo styling dei capelli. Questa offerta speciale Ã¨ riservata solo a donne che amano prendersi cura dei loro capelli e desiderano esprimere la propria personalitÃ  attraverso stili unici. Iscriviti oggi stesso alla newsletter e vivi lâ€™esperienza Bellissima in prima fila.
Gemini,"La tua routine di styling Ã¨ una lotta quotidiana? Capelli bagnati che richiedono tempo infinito per asciugarsi? E lo spazio occupato dagli ingombranti asciugacapelli? GEMINI risolve questi problemi! Con il suo design ultra-leggero e compatto, GEMINI ti permette di asciugare i capelli rapidamente e di portarlo ovunque tu vada. Metti fine al caos e semplifica la tua routine. Scopri la comoditÃ  di GEMINI oggi!"
Bellissima,La tua vita merita il meglio. Iscriviti alla newsletter di Bellissima e ottieni accesso anticipato ğŸ”“ alle offerte del Black Friday. Clicca ora per riscoprire la tua bellezza! ğŸ’«
Instant Curl & Waves,Look Semplicemente Perfetto
Instant Curl & Waves,"Niente piÃ¹ attese interminabili, Addio tempi di posa. Con l'arricciacapelli Instant Curl & Waves, otterrai onde perfette senza perdere tempo. La tua bellezza non puÃ² aspettare!â±ï¸ â³ğŸ’…"
Instant Curl & Waves,"Niente piÃ¹ attese, solo risultati straordinari. ğŸš€ 
Scopri il segreto di onde senza tempi di posa con Instant Curl & Waves. Acquista ora e sii bellissima oggi stesso!"
Bellissima,Non perderti mai piÃ¹ le nostre promozioni esclusive! Iscriviti ora e accedi in anteprima alle offerte del Black Friday. I migliori look a portata di click. Iscriviti oggi stesso!
Instant Curl & Waves,Onde Veloci e Facili
Bellissima,"Ottieni in anteprima i segreti dei professionisti ğŸ‘€, consigli di styling e sconti esclusivi ğŸ’‡â€â™€ï¸ riservati solo ai nostri clienti fedeli, direttamente nella tua casella di posta ğŸ“©.
Non perdere questa opportunitÃ  unica!  Iscriviti oggi stesso alla newsletter di Bellissima"
Instant Curl & Waves,"Per le donne in movimento che desiderano onde impeccabili. ğŸŒ† 
Instant Curl & Waves ti accompagna ovunque, senza sforzo. Scopri il tuo segreto di bellezza ora!"
Instant Curl & Waves,"Porta l'efficacia di Instant Curls & Waves sempre con te. ğŸŒŸ 
Instant Curl & Waves Ã¨ il tuo compagno ideale per onde impeccabili in ogni luogo. Scoprilo ora e libera la tua bellezza!"
Bellissima,Preparati per le migliori offerte del Black Friday. Iscriviti ora e non perderti neanche una promozione ğŸ•µï¸.I migliori styler a prezzi mai visti ğŸ˜±. Clicca per iscriverti! ğŸ’¡ğŸ”
Piastra Absolute,"Realizza il sogno del liscio perfetto. BELLISSIMA ABSOLUTE ti offre capelli impeccabili senza sforzo. âœ¨
Ecco perchÃ© ti innamorerai della nuova piastra larga ABSOLUTE: 

âœ… Liscio Perfetto in una Sola Passata: La potenza delle piastre 4XL garantisce un liscio impeccabile in un solo colpo, risparmiando tempo e riducendo lo stress dei tuoi capelli.

âœ… Addio Effetto Crespo: La tecnologia Infrared&Ion combatte l'effetto crespo, lasciando i tuoi capelli morbidi e luminosi.

âœ… Protezione: Il controllo intelligente del calore preserva la salute dei tuoi capelli, consentendoti di ottenere risultati professionali senza danneggiarli.

Scoprila ora su Bellissima.com"
Instant Curl & Waves,"Realizza onde perfette in pochi minuti con Instant Curl & Waves! ğŸŒŸ Anche se non sei un'esperta, Bellissima Instant Curl & Waves ti guiderÃ  passo dopo passo verso uno styling mozzafiato. Prova ora!"
Bellissima,"Sblocca lâ€™accesso a sconti segreti! ğŸ”
Iscriviti alla newsletter di Bellissima ğŸ“© oggi stesso e goditi offerte esclusive riservate solo ai nostri fedeli iscritti."
Bellissima,"Scopri i segreti di styling ğŸ‘€ e risparmia il 2ï¸âƒ£0ï¸âƒ£%â—â• su Bellissima! 
Iscriviti alla nostra newsletter esclusiva ğŸ“§ e sblocca un codice sconto del 2ï¸âƒ£0ï¸âƒ£%â—â• su tutti i nostri prodotti per lo styling dei capelli. Un'offerta imperdibile per le donne che amano esprimere la propria personalitÃ  attraverso i capelli. ğŸ’‡â€â™€ï¸"
Bellissima,Sei pronto a scoprire le offerte piÃ¹ vantaggiose?ğŸ•µï¸ Iscriviti alla newsletter Bellissima e ottieni l'accesso esclusivo alle promozioni ğŸ”“ del Black Friday. Clicca qui per non perdere questa opportunitÃ ! ğŸ¤‘
Twist & Style,Sii la diva di ogni giorno! ğŸ’ƒ
Instant Curl & Waves,Styling Semplice
Instant Curl & Waves,"Sveglia, doccia, onde perfette! Risparmia tempo ogni mattina e ottieni acconciature da sogno senza sforzo. Il tuo tempo Ã¨ prezioso, usalo per te stessa! ğŸš¿âŒ›"
Twist & Style,"â³ Tempo limitato! Il Kit completo di Bellissima Twist & Style Ã¨ la soluzione definitiva per ogni tua esigenza di styling. ğŸŒˆ
ğŸ‘Œ 6 accessori per 6 look incredibili.
ğŸ”¥ Affrettati! Risparmi 104â‚¬
ğŸŒŸ #TwistAndStyle #LimitedTimeOffer
ğŸšš Spedizione gratuita!"
Twist & Style,"ğŸ’• Ami sperimentare con i tuoi capelli? Il Kit completo di Bellissima Twist & Style Ã¨ come avere un salone di bellezza a casa tua! ğŸ 
ğŸŒŸ Da Soft Curls a Hollywood Waves, sei libera di esprimere te stessa.
ğŸ Regalati la bellezza che meriti, oggi a soli 109.99â‚¬!
ğŸ’– #TwistAndStyle #BeautyAtHome
ğŸšš Spedizione gratuita!"
Bellissima,Il Black Friday Ã¨ dietro l'angolo! ğŸ˜± Iscriviti alla nostra newsletter per ricevere in anticipo le offerte irresistibili ğŸ”. Non rischiare di perderti le offerte. Iscriviti subito! ğŸ‰
Instant Curl & Waves,"Niente piÃ¹ attese per le onde perfette. â³ 
Instant Curl & Waves ti fa risparmiare tempo prezioso. PerchÃ© aspettare quando puoi essere straordinaria oggi? Scoprilo ora!"
Instant Curl & Waves,"Risparmia tempo prezioso con Instant Curl & Waves! ğŸ•’ 
Onde perfette in un istante. Diventa straordinaria senza aspettare. Prova subito!"
Gemini,"Addio agli asciugacapelli ingombranti! Prova GEMINI: design leggero e compatto, prestazioni straordinarie. Portalo ovunque con te e goditi l'asciugatura rapida senza sforzi. ğŸ’¨ #LibertÃ SenzaLimiti"
Gemini,L'asciugacapelli innovativo che cambierÃ  la tua routine di bellezza. Tecnologia Gemini Air e design compatto per uno styling rapido e preciso ovunque tu sia. Rendi i tuoi capelli la tua firma. Acquista GEMINI oggi e regna di stile!
Gemini,"ğŸŒ¡ï¸ Proteggi e Esalta la Bellezza dei Tuoi Capelli con Bellissima Gemini! ğŸŒŸ

ğŸ§³ Compatto e pieghevole, pesa solo 330gr ma Ã¨ un vero concentrato di tecnologia. 
ğŸ’¨â° Il suo motore digitale genera un flusso d'aria 3 volte piÃ¹ potente* dei tradizionali phon, asciugando i capelli in meno tempo! ğŸ’¨â°
ğŸ’‡â€â™‚ï¸ğŸ’â€â™€ï¸ Con il manico orientabile, lo styling sarÃ  facile e preciso come dal parrucchiere.  

E non solo prestazioni, Gemini pensa anche al benessere alla salute dei tuoi capelli. La temperatura controllata e la tecnologia a ioni li proteggono e idratano in profonditÃ . ğŸ’†â€â™€ï¸ğŸŒŸ

Le sue dimensioni compatte lo rendono perfetto per borsetta, valigia e beauty case. ğŸ§³ğŸ’¼ğŸ’„

Acquista ora Gemini e scopri il tuo nuovo metodo di asciugare i capelli! ğŸ’¥ğŸ’«"
Twist & Style,"ğŸ‘‘ Sentiti come una diva di Hollywood ogni giorno! Con il Kit completo di Bellissima Twist & Style, sei sempre pronta per il red carpet. ğŸ“¸
ğŸŒˆ 6 accessori per 6 look diversi: da Soft Curls a Hollywood Waves.
ğŸ‘­ Unitevi alle migliaia di donne che hanno giÃ  scelto Twist & Style.
ğŸ’– #TwistAndStyle
ğŸšš Spedizione gratuita!"